{
  "version": 3,
  "configs":
  [
    {
      "config_name": "Attributes",
      "categories":
      [
        {
          "category_name": "Strength",
          "x_position": 0.000000,
          "y_position": 0.000000,
          "width": 1188.695679,
          "height": 173.913040,
          "hero_ids":
          [
            102,
            73,
            2,
            38,
            78,
            99,
            96,
            81,
            51,
            69,
            49,
            107,
            7,
            103,
            59,
            91,
            23,
            104,
            54,
            77,
            97,
            129,
            60,
            57,
            110,
            14,
            16,
            28,
            128,
            71,
            18,
            29,
            98,
            19,
            83,
            100,
            108,
            85,
            42
          ]
        },
        {
          "category_name": "Agility",
          "x_position": 0.000000,
          "y_position": 201.739136,
          "width": 1188.695679,
          "height": 173.913040,
          "hero_ids":
          [
            1,
            113,
            4,
            62,
            61,
            56,
            6,
            106,
            41,
            72,
            8,
            80,
            48,
            94,
            82,
            9,
            114,
            10,
            89,
            88,
            120,
            44,
            12,
            15,
            32,
            11,
            93,
            35,
            67,
            46,
            109,
            95,
            70,
            20,
            40,
            47,
            63
          ]
        },
        {
          "category_name": "Intelligence",
          "x_position": 0.000000,
          "y_position": 403.478271,
          "width": 1188.695679,
          "height": 173.913040,
          "hero_ids":
          [
            68,
            3,
            65,
            66,
            5,
            55,
            119,
            50,
            43,
            87,
            58,
            33,
            121,
            74,
            64,
            90,
            52,
            31,
            25,
            26,
            53,
            36,
            84,
            111,
            76,
            13,
            45,
            39,
            86,
            79,
            27,
            75,
            101,
            17,
            105,
            34,
            92,
            126,
            37,
            21,
            112,
            30,
            22
          ]
        }
      ]
    }
  ]
}
